model,r2,mae,rmse
HistGBM,0.8983148656428117,0.0360192488899856,0.05916799740426144
XGBoost,0.866726253117378,0.04126050500881624,0.06773769915519279
