model,r2,mae,rmse
HistGBM,0.840324190205452,0.03838282475995402,0.055971483204136835
XGBoost,0.8410887522816085,0.040020651073037226,0.055837320669455036
